﻿Designator,Footprint,Quantity,Value,LCSC Part #
"C1, C2",0402,2,10u,
"C10, C11, C12, C13, C4, C5, C7, C8, C9",0402,9,100n,
C14,0402,1,C_Small,
"C15, C16",0402,2,15p,
"C3, C6",0402,2,1u,
"D1, D10, D11, D12, D13, D14, D15, D16, D17, D18, D19, D2, D20, D21, D22, D23, D24, D25, D26, D27, D28, D29, D3, D30, D31, D32, D33, D34, D35, D36, D37, D38, D39, D4, D40, D41, D42, D5, D6, D7, D8, D9",D_DO-35_SOD27_P7.62mm_Horizontal,42,D_Small,
J1,USB_C_Receptacle_HCTL_HC-TYPE-C-16P-01A,1,USB_C_Receptacle_USB2.0_16P,
"R1, R2",0402,2,27.4,
"R3, R4",0402,2,1k,
"R5, R6",0402,2,5.1k,
"SW1, SW10, SW11, SW12, SW13, SW14, SW15, SW16, SW17, SW18, SW19, SW2, SW20, SW21, SW22, SW23, SW24, SW25, SW26, SW27, SW28, SW29, SW3, SW31, SW32, SW33, SW34, SW35, SW36, SW37, SW38, SW39, SW4, SW40, SW41, SW42, SW43, SW5, SW6, SW7, SW8, SW9",MX-Hotswap-1U,42,SW_Push_45deg,
SW44,SW_Push_1P1T_NO_CK_KMR2,1,SW_Push,
U1,QFN-56-1EP_7x7mm_P0.4mm_EP3.2x3.2mm,1,RP2040,
U2,SOT-223-3_TabPin2,1,NCP1117-3.3_SOT223,
U3,SOIC-8_5.3x5.3mm_P1.27mm,1,W25Q128JVS,
Y1,Crystal_SMD_Abracon_ABM8AIG-4Pin_3.2x2.5mm,1,ABM8-272-T3,
